<?xml version="1.0" encoding="UTF-8"?>
<project-private xmlns="http://www.netbeans.org/ns/project-private/1">
    <editor-bookmarks xmlns="http://www.netbeans.org/ns/editor-bookmarks/2" lastBookmarkId="0"/>
    <open-files xmlns="http://www.netbeans.org/ns/projectui-open-files/2">
        <group>
            <file>file:/C:/Users/Edgar/MPLABXProjects/Chen%2021120%20-%20PM%20I/Postlab7.X/PWM.h</file>
            <file>file:/C:/Users/Edgar/MPLABXProjects/Chen%2021120%20-%20PM%20I/Postlab7.X/PWM.c</file>
            <file>file:/C:/Users/Edgar/MPLABXProjects/Chen%2021120%20-%20PM%20I/Postlab7.X/main.c</file>
        </group>
    </open-files>
</project-private>
